sim_row_id,enabled,scenario_id,difficulty_mode,day_index,recipe_id,machine_chain_id,shop_price_multiplier,wage_policy_multiplier,rnd_investment_level,inspector_tier,contract_pack_id,contract_target_units,contract_min_grade,contract_penalty_rate,footfall_event_multiplier,input_cost_multiplier,energy_price_multiplier,storage_decay_multiplier,breakdown_multiplier,transport_delay_multiplier,batch_attempts_per_day,expected_units_output,expected_quality_Q,expected_grade,expected_unit_cost,expected_unit_price,expected_shop_demand,expected_contract_fulfillment_pct,expected_penalty_cost,expected_returns_pct,expected_daily_revenue,expected_daily_cost,expected_daily_profit,expected_brand_delta,expected_debt_delta,notes
SIM_001,TRUE,BASELINE_NORMAL,NORMAL,1,RCP_MILK_BAR_01,CHAIN_A,1.00,1.00,1,1,CONTRACT_A,180,B,0.18,1.00,1.00,1.00,1.00,1.00,1.00,18,320,71,B,1.22,2.60,205,0.92,12,1.9,615,452,163,0.6,-20,Starter baseline
SIM_002,TRUE,BASELINE_NORMAL,NORMAL,2,RCP_DARK_BAR_01,CHAIN_B,1.05,1.00,2,1,CONTRACT_B,160,B,0.18,1.10,1.02,1.00,1.00,1.00,1.00,16,275,75,B,1.38,3.05,180,0.88,28,1.7,640,490,150,0.7,-10,Price test
SIM_003,TRUE,HARD_STRESS,HARD,1,RCP_TRUFFLE_01,CHAIN_C,0.98,0.95,3,2,CONTRACT_C,150,B,0.22,0.90,1.08,1.15,1.10,1.20,1.15,12,180,69,C,1.95,4.40,122,0.73,65.12,2.8,500,515,-6.12,-0.4,46.12,Hard stress with delays
SIM_101,TRUE,BASELINE_NORMAL_14D,NORMAL,1,RCP_MILK_BAR_01,CHAIN_A,1.00,1.00,1,1,CONTRACT_A,180,B,0.18,0.96,1.00,1.00,1.00,1.02,1.00,17,300,69,C,1.24,2.60,190,0.86,34,2.2,575,462,113,0.3,12,Ramp-up day with minor queue inefficiency
SIM_102,TRUE,BASELINE_NORMAL_14D,NORMAL,2,RCP_MILK_BAR_01,CHAIN_A,1.00,1.00,1,1,CONTRACT_A,180,B,0.18,1.00,1.00,1.00,1.00,1.00,1.00,18,318,71,B,1.22,2.60,205,0.91,14,1.9,613,456,157,0.5,-8,Flow stabilizes
SIM_103,TRUE,BASELINE_NORMAL_14D,NORMAL,3,RCP_DARK_BAR_01,CHAIN_B,1.03,1.00,2,1,CONTRACT_B,160,B,0.18,1.04,1.01,1.00,1.00,1.00,1.00,16,278,74,B,1.39,3.08,184,0.89,22,1.7,646,493,153,0.6,-6,Shift to dark bars for margin
SIM_104,TRUE,BASELINE_NORMAL_14D,NORMAL,4,RCP_HOTCHOCO_01,CHAIN_A,0.99,1.00,1,1,CONTRACT_A,180,B,0.18,1.06,1.02,1.00,1.00,1.00,1.00,20,355,70,B,0.99,2.18,228,0.93,10,1.5,622,470,152,0.4,-10,High-volume mix day
SIM_105,TRUE,BASELINE_NORMAL_14D,NORMAL,5,RCP_MILK_BAR_01,CHAIN_A,1.02,1.01,2,1,CONTRACT_A,180,B,0.18,1.08,1.02,1.01,1.00,0.99,1.00,18,325,73,B,1.24,2.65,218,0.95,6,1.7,655,468,187,0.8,-18,Small wage bump improves consistency
SIM_106,TRUE,BASELINE_NORMAL_14D,NORMAL,6,RCP_TRUFFLE_01,CHAIN_B,1.04,1.01,2,1,CONTRACT_B,160,B,0.18,1.12,1.03,1.01,1.00,1.00,1.00,14,226,76,B,1.86,4.50,156,0.90,18,2.0,676,514,162,1.0,-14,Premium allocation to shop
SIM_107,TRUE,BASELINE_NORMAL_14D,NORMAL,7,RCP_DARK_BAR_01,CHAIN_B,1.05,1.01,2,1,CONTRACT_B,160,B,0.18,1.15,1.03,1.02,1.00,1.00,1.00,17,292,76,B,1.43,3.10,196,0.94,8,1.6,702,522,180,0.9,-16,Weekend footfall boost
SIM_108,TRUE,BASELINE_NORMAL_14D,NORMAL,8,RCP_MILK_BAR_01,CHAIN_A,1.01,1.01,2,1,CONTRACT_A,180,B,0.18,0.92,1.04,1.05,1.02,1.04,1.03,16,282,67,C,1.33,2.63,170,0.82,40,2.5,548,501,47,-0.2,24,Input spike and minor delays
SIM_109,TRUE,BASELINE_NORMAL_14D,NORMAL,9,RCP_HOTCHOCO_01,CHAIN_A,1.00,1.01,2,1,CONTRACT_A,180,B,0.18,1.00,1.01,1.02,1.01,1.00,1.00,20,360,72,B,1.00,2.22,224,0.94,9,1.5,636,478,158,0.5,-9,Recovery day
SIM_110,TRUE,BASELINE_NORMAL_14D,NORMAL,10,RCP_DARK_BAR_01,CHAIN_B,1.06,1.02,3,1,CONTRACT_B,160,B,0.18,1.08,1.01,1.01,1.00,0.98,1.00,17,296,78,B,1.41,3.12,205,0.96,5,1.5,720,528,192,1.1,-20,R and D uplift reflected in demand
SIM_111,TRUE,BASELINE_NORMAL_14D,NORMAL,11,RCP_TRUFFLE_01,CHAIN_B,1.05,1.02,3,2,CONTRACT_B,160,B,0.18,1.10,1.01,1.00,1.00,0.99,1.00,15,238,80,B,1.85,4.52,170,0.95,7,1.7,734,540,194,1.2,-21,Inspector tier increase improves quality
SIM_112,TRUE,BASELINE_NORMAL_14D,NORMAL,12,RCP_MILK_BAR_01,CHAIN_A,1.03,1.02,3,2,CONTRACT_A,180,B,0.18,1.06,1.00,1.00,1.00,0.98,1.00,19,338,77,B,1.21,2.68,226,0.97,4,1.4,708,506,202,1.0,-19,Balanced high-throughput day
SIM_113,TRUE,BASELINE_NORMAL_14D,NORMAL,13,RCP_DARK_BAR_01,CHAIN_B,1.06,1.02,3,2,CONTRACT_B,160,B,0.18,1.14,1.00,1.00,1.00,0.98,1.00,18,308,79,B,1.39,3.14,214,0.98,3,1.3,752,546,206,1.3,-22,Near-optimal operations
SIM_114,TRUE,BASELINE_NORMAL_14D,NORMAL,14,RCP_HOTCHOCO_01,CHAIN_A,1.02,1.02,3,2,CONTRACT_A,180,B,0.18,1.16,1.00,1.00,1.00,0.97,1.00,21,378,76,B,0.97,2.24,242,0.98,2,1.2,742,523,219,1.1,-24,End-of-pass strong finish
SIM_201,TRUE,HARD_STRESS_14D,HARD,1,RCP_MILK_BAR_01,CHAIN_A,0.99,0.95,1,1,CONTRACT_C,150,B,0.22,0.90,1.07,1.12,1.06,1.12,1.10,15,248,65,C,1.42,2.57,150,0.78,54.56,2.9,480,505,-17.56,-0.5,40.56,Hard start under cost and delay pressure
SIM_202,TRUE,HARD_STRESS_14D,HARD,2,RCP_MILK_BAR_01,CHAIN_A,1.00,0.95,1,1,CONTRACT_C,150,B,0.22,0.92,1.08,1.10,1.05,1.10,1.08,16,262,66,C,1.39,2.60,158,0.81,44,2.7,506,512,0,-0.2,30,Slight routing improvement
SIM_203,TRUE,HARD_STRESS_14D,HARD,3,RCP_DARK_BAR_01,CHAIN_B,1.02,0.95,2,1,CONTRACT_C,150,B,0.22,0.95,1.08,1.10,1.05,1.08,1.07,14,228,68,C,1.62,3.05,142,0.80,45.76,2.6,528,538,-3.76,-0.3,33.76,Switch to higher margin product
SIM_204,TRUE,HARD_STRESS_14D,HARD,4,RCP_HOTCHOCO_01,CHAIN_A,0.98,0.95,1,1,CONTRACT_C,150,B,0.22,0.96,1.09,1.12,1.06,1.10,1.06,17,292,65,C,1.14,2.16,172,0.82,38.72,2.4,524,541,-11.72,-0.4,37.72,Volume push with weak quality
SIM_205,TRUE,HARD_STRESS_14D,HARD,5,RCP_MILK_BAR_01,CHAIN_A,1.01,0.96,2,1,CONTRACT_C,150,B,0.22,1.00,1.07,1.09,1.05,1.06,1.05,16,276,69,C,1.36,2.62,176,0.86,30.8,2.2,564,545,23.2,0.1,17.8,Stabilization day
SIM_206,TRUE,HARD_STRESS_14D,HARD,6,RCP_TRUFFLE_01,CHAIN_B,1.02,0.96,2,1,CONTRACT_C,150,B,0.22,1.02,1.08,1.10,1.05,1.08,1.05,12,188,71,B,2.12,4.42,126,0.84,33.44,2.3,558,551,11.56,0.2,13.44,Premium attempt to recover margin
SIM_207,TRUE,HARD_STRESS_14D,HARD,7,RCP_DARK_BAR_01,CHAIN_B,1.03,0.96,2,1,CONTRACT_C,150,B,0.22,1.05,1.07,1.09,1.05,1.05,1.04,15,242,72,B,1.58,3.08,165,0.88,24.64,2.0,603,559,47.36,0.3,6.64,Improved grade reduces penalties
SIM_208,TRUE,HARD_STRESS_14D,HARD,8,RCP_MILK_BAR_01,CHAIN_A,1.00,0.96,2,1,CONTRACT_C,150,B,0.22,0.88,1.12,1.15,1.08,1.16,1.14,14,220,62,C,1.52,2.60,130,0.70,77.44,3.2,435,548,-102.44,-0.8,63.44,Stress spike: costs and breakdowns surge
SIM_209,TRUE,HARD_STRESS_14D,HARD,9,RCP_HOTCHOCO_01,CHAIN_A,0.99,0.97,2,1,CONTRACT_C,150,B,0.22,0.94,1.10,1.12,1.07,1.10,1.08,16,270,66,C,1.19,2.18,158,0.79,52.8,2.8,500,540,-32.8,-0.5,44.8,Recovery starts
SIM_210,TRUE,HARD_STRESS_14D,HARD,10,RCP_DARK_BAR_01,CHAIN_B,1.04,0.97,3,1,CONTRACT_C,150,B,0.22,0.98,1.08,1.10,1.06,1.05,1.04,15,250,73,B,1.56,3.10,172,0.90,21.12,1.9,630,566,66.88,0.4,1.12,R and D uplift offsets hard modifiers
SIM_211,TRUE,HARD_STRESS_14D,HARD,11,RCP_TRUFFLE_01,CHAIN_B,1.04,0.97,3,2,CONTRACT_C,150,B,0.22,1.00,1.07,1.09,1.05,1.04,1.03,13,202,74,B,2.05,4.46,140,0.89,22.88,2.0,642,576,69.12,0.5,-1.12,Inspector tier helps consistency
SIM_212,TRUE,HARD_STRESS_14D,HARD,12,RCP_MILK_BAR_01,CHAIN_A,1.02,0.98,3,2,CONTRACT_C,150,B,0.22,1.02,1.06,1.08,1.04,1.03,1.02,17,292,72,B,1.31,2.65,190,0.92,15.84,1.8,658,571,89.16,0.6,-8.16,Throughput and quality aligned
SIM_213,TRUE,HARD_STRESS_14D,HARD,13,RCP_DARK_BAR_01,CHAIN_B,1.04,0.98,3,2,CONTRACT_C,150,B,0.22,1.06,1.06,1.07,1.03,1.02,1.02,16,268,74,B,1.52,3.12,186,0.93,12.32,1.7,688,583,106.68,0.7,-10.68,Near-steady hard-mode control
SIM_214,TRUE,HARD_STRESS_14D,HARD,14,RCP_HOTCHOCO_01,CHAIN_A,1.01,0.98,3,2,CONTRACT_C,150,B,0.22,1.08,1.06,1.07,1.03,1.02,1.01,18,310,72,B,1.10,2.22,204,0.94,10.56,1.6,676,578,99.44,0.6,-9.44,End-of-run resilient finish
